品目	紙名	発行日	年	見出し	備考	スコア	辞書ヒット数	極性語数	判定	ノイズ	寄与語	分かち書き
コメ	朝日	2026-06-17	2026	県産農作物の輸出量半減　コメ、高騰で国内優先に　昨年度　/福島県		0.1	4	3	中立		輸出:+0.4(補助) 量:+1.0(名詞) 高騰:-1.0(名詞) 優先:+0.0(名詞)	農作物 輸出 半減 コメ 高騰 国内 優先 昨年度 福島
コメ	朝日	2026-06-17	2026	県産農産物の輸出量半減 コメ、高騰で国内優先に 昨年度 ／福島県		0.1	4	3	中立		輸出:+0.4(補助) 量:+1.0(名詞) 高騰:-1.0(名詞) 優先:+0.0(名詞)	農産物 輸出 半減 コメ 高騰 国内 優先 昨年度 福島
コメ	朝日	2026-05-09	2026	金賞コメ、食べ比べ ふるさと納税、共通返礼品 須賀川市・鏡石町・天栄村 ／福島県	写真図表有	0.5	2	1	ポジティブ		ふるさと:+0.0(名詞) 品:+1.0(名詞)	金賞 コメ 食べる 比べる ふるさと 納税 共通 返礼 須賀川 鏡石 天栄 福島
コメ	朝日	2026-03-02	2026	福島県産のコメ、２５年も特Ａ逃す 食味ランキング ／福島県		-0.6	1	1	ネガティブ		逃す:-0.6(補助)	福島 コメ 逃す 食味 ランキング 福島
コメ	朝日	2025-08-29	2025	小泉農水相とコメ農家、意見交換 猛暑影響や検査基準の見直し… ／福島県	写真図表有	-0.1667	6	1	ネガティブ		農水:+0.0(名詞) 相:+0.0(名詞) 猛暑:-1.0(名詞) 影響:+0.0(名詞) 検査:+0.0(名詞) 基準:+0.0(名詞)	小泉 農水 コメ 農家 意見 交換 猛暑 影響 検査 基準 見直し 福島
コメ	朝日	2025-08-19	2025	返礼品のコメ、通常受付開始 湯川村、半月前倒し ふるさと納税 ／福島県	写真図表有	0.25	4	1	ポジティブ		品:+1.0(名詞) 通常:+0.0(名詞) 半月:+0.0(名詞) ふるさと:+0.0(名詞)	返礼 コメ 通常 受付 開始 湯川 半月 前倒し ふるさと 納税 福島
コメ	朝日	2025-06-27	2025	「ＴＯＫＩＯ解散残念」 県キャンペーン起用継続に含み 県と西郷村がコメント／福島県		-1.0	2	2	ネガティブ	要確認	解散:-1.0(名詞) 残念:-1.0(名詞)	ＴＯＫＩＯ 解散 残念 キャンペーン 起用 継続 含み 西郷 コメント 福島
コメ	朝日	2025-06-01	2025	民家保管のコメ、１８０キロが盗難被害 相馬、施錠ない納屋から ／福島県		-1.0	2	2	ネガティブ		盗難:-1.0(名詞) 被害:-1.0(名詞)	民家 保管 コメ キロ 盗難 被害 相馬 施錠 ない 納屋 福島
コメ	朝日	2025-05-08	2025	農産物輸出、過去最高 コメ、前年度の倍 県産、昨年度 ／福島県		0.1333	3	3	ポジティブ		輸出:+0.4(補助) 過去:-1.0(名詞) 最高:+1.0(名詞)	農産物 輸出 過去 最高 コメ 前年度 昨年度 福島
コメ	朝日	2024-11-20	2024	コメの予想収穫量、前年比１０．６万トン増 東北６県、作況「やや良」 ／福島県	写真図表有	0.6	5	3	ポジティブ		収穫:+1.0(名詞) 量:+1.0(名詞) 増:+0.0(名詞) 作況:+0.0(名詞) 良:+1.0(名詞)	コメ 予想 収穫 前年 トン 東北 作況 やや 福島
コメ	朝日	2024-08-14	2024	フードバンク団体、６割で食料寄付減 コメ不足顕著 ＮＰＯアンケート ／福島県		-0.5	2	1	ネガティブ		寄付:+0.0(名詞) 不足:-1.0(名詞)	フード バンク 団体 食料 寄付 コメ 不足 顕著 ＮＰＯ アンケート 福島
コメ	朝日	2024-08-14	2024	（みちのくコメ物語：６）高級米、猛暑で追肥のジレンマ ／福島県	写真図表有／連載	-0.25	4	3	ネガティブ		高級:+1.0(名詞) 米:+0.0(名詞) 猛暑:-1.0(名詞) ジレンマ:-1.0(名詞)	みちのく コメ 物語 高級 猛暑 追肥 ジレンマ 福島
コメ	朝日	2024-08-07	2024	（みちのくコメ物語：５）特Ａ常連「ひとめぼれ」、不振 ／福島県	写真図表有／連載	-0.5	2	1	ネガティブ		常連:+0.0(名詞) 不振:-1.0(名詞)	みちのく コメ 物語 常連 ひとめぼれ 不振 福島
コメ	朝日	2024-08-06	2024	（みちのくコメ物語：４）産地間競争、満塁ホームラン ／福島県	写真図表有／連載	0.5	2	1	ポジティブ		満塁:+1.0(名詞) ホームラン:+0.0(名詞)	みちのく コメ 物語 産地 競争 満塁 ホームラン 福島
コメ	朝日	2024-08-02	2024	（みちのくコメ物語：３）賢治先生も褒めた「陸羽１３２号」 ／福島県	写真図表有／連載	0.0	1	0	判定不能		先生:+0.0(名詞)	みちのく コメ 物語 賢治 先生 褒める 福島
コメ	朝日	2024-08-01	2024	（みちのくコメ物語：２）おいしさの源流、幻の「亀の尾」 ／福島県	写真図表有／連載	1.0	1	1	ポジティブ		おいしい:+1.0(用言)	みちのく コメ 物語 おいしい 源流 福島
コメ	朝日	2024-07-31	2024	（みちのくコメ物語：１）暑さ寒さに耐える「二刀流」へ挑戦 ／福島県	写真図表有／連載	0.0	1	0	判定不能		挑戦:+0.0(名詞)	みちのく コメ 物語 暑い 寒い 耐える 二刀流 挑戦 福島
コメ	朝日	2024-06-12	2024	避難指示解除地域、コメづくり難題 除染で土はぎ取った水田、「地力」心配 ／福島県	写真図表有	-0.3	5	5	ネガティブ		避難:-1.0(名詞) 解除:+0.5(補助) 難題:-1.0(名詞) 地力:+1.0(名詞) 心配:-1.0(名詞)	避難 指示 解除 地域 コメ づくり 難題 はぎ取る 水田 地力 心配 福島
コメ	朝日	2024-04-27	2024	県産米輸出量、前年度の１．６倍 ２３年度３８３トン 「コメブーム」背景 ／福島県	写真図表有	0.6	4	3	ポジティブ		米:+0.0(名詞) 輸出:+0.4(補助) 量:+1.0(名詞) ブーム:+1.0(名詞)	輸出 前年度 年度 トン コメ ブーム 背景 福島
コメ	朝日	2023-10-14	2023	コメ作況指数、やや良「１０２」 猛暑で１等の比率低下、懸念 ／福島県		-0.4	5	4	ネガティブ		作況:+0.0(名詞) 良:+1.0(名詞) 猛暑:-1.0(名詞) 低下:-1.0(名詞) 懸念:-1.0(名詞)	コメ 作況 指数 やや 猛暑 比率 低下 懸念 福島
コメ	朝日	2023-09-09	2023	ＪＡのコメ概算金、２年連続引き上げ ／福島県	写真図表有	0.75	2	2	ポジティブ		金:+1.0(名詞) 引き上げ:+0.5(補助)	ＪＡ コメ 概算 連続 引き上げ 福島
コメ	朝日	2023-07-05	2023	「客観性確保を」　知事がコメント　原発処理水放出　／福島県	福島全県・１地方	0.0	4	2	中立	要確認	性:+0.0(名詞) 確保:+1.0(名詞) 原発:+0.0(名詞) 放出:-1.0(名詞)	客観 確保 知事 コメント 原発 処理 放出 福島
コメ	朝日	2023-01-28	2023	（東日本大震災１２年）旧コメリ「飯舘再生の場に」　原発事故で営業停止、村外出身の２人に託す／福島県	福島全県・１地方／写真図表有／連載	-0.1667	6	3	ネガティブ	要確認	大震災:-1.0(名詞) 再生:+1.0(名詞) 原発:+0.0(名詞) 事故:-1.0(名詞) 停止:+0.0(名詞) 人:+0.0(名詞)	東日本 大震災 コメリ 飯舘 再生 原発 事故 営業 停止 出身 託す 福島
コメ	朝日	2022-11-08	2022	（食と農のいま）営農本格再開、１２年ぶり「実りの秋」　原発被害の福島・大熊、コメの収穫始まる／宮城県	宮城全県・地域総合／写真図表有／見出しのみ表示／連載	0.3125	8	5	ポジティブ		食:+0.0(名詞) 本格:+1.0(名詞) 再開:+0.5(補助) 実り:+1.0(名詞) 秋:+0.0(名詞) 原発:+0.0(名詞) 被害:-1.0(名詞) 収穫:+1.0(名詞)	いま 営農 本格 再開 ぶり 実り 原発 被害 福島 大熊 コメ 収穫 始まる 宮城
コメ	朝日	2022-10-15	2022	県内のコメ作況、平年並みの「１００」　先月２５日時点　／福島県	福島全県・１地方	0.0	1	0	判定不能		作況:+0.0(名詞)	県内 コメ 作況 平年 並み 先月 時点 福島
コメ	朝日	2022-10-07	2022	（迫る探る＠福島）コメ原料のプラ素材「相双の課題解決に」　南相馬の会社が商品化／福島県	福島全県・１地方／写真図表有／連載	0.0	4	2	中立		素材:+0.0(名詞) 課題:-1.0(名詞) 解決:+1.0(名詞) 商品:+0.0(名詞)	迫る 探る 福島 コメ 原料 プラ 素材 課題 解決 相馬 会社 商品 福島
コメ	朝日	2022-09-10	2022	ＪＡコメ概算金、上昇　肥料や資材高騰、背景　２２年産　／福島県	福島全県・１地方／写真図表有	0.0	3	2	中立		金:+1.0(名詞) 肥料:+0.0(名詞) 高騰:-1.0(名詞)	ＪＡ コメ 概算 上昇 肥料 資材 高騰 背景 年産 福島
コメ	朝日	2022-07-22	2022	（東北人）加藤晃司さん、絵美さん　コメ農家でビール醸造家　／福島県	福島全県・地域総合／写真図表有／連載	0.0	1	0	判定不能		人:+0.0(名詞)	東北 加藤 晃司 さん 絵美 さん コメ 農家 ビール 醸造 福島
コメ	朝日	2022-04-25	2022	苦境の県産、１１年経ても　コメ低評価定着「一人負け」　／福島県	福島全県・１地方／写真図表有	-0.2	5	3	ネガティブ		苦境:-1.0(名詞) 評価:+0.0(名詞) 定着:+1.0(名詞) 人:+0.0(名詞) 負け:-1.0(名詞)	苦境 経る コメ 評価 定着 負け 福島
コメ	朝日	2022-02-16	2022	福島「デリシャス」、海外発信　あんぽ柿・コメ、米サイトに動画　／岩手県	岩手全県・２地方／写真図表有	0.3333	3	1	ポジティブ		デリシャス:+1.0(用言) 米:+0.0(名詞) 岩手:+0.0(名詞)	福島 デリシャス 海外 発信 ある ぽい コメ サイト 動画 岩手
コメ	朝日	2022-02-16	2022	福島「デリシャス」、海外発信　あんぽ柿・コメ、米サイトに動画　／青森県	青森全県・２地方／写真図表有／岩手版と同一記事	0.5	2	1	ポジティブ		デリシャス:+1.0(用言) 米:+0.0(名詞)	福島 デリシャス 海外 発信 ある ぽい コメ サイト 動画 青森
コメ	朝日	2022-02-09	2022	県や農家、歓迎の声　台湾、県産食品の輸入規制緩和　コメ流通拡大を期待　／福島県	福島全県・１地方	0.3333	6	2	ポジティブ		歓迎:+1.0(名詞) 台湾:+0.0(名詞) 規制:+0.0(名詞) 緩和:+0.0(名詞) 拡大:+0.0(名詞) 期待:+1.0(名詞)	農家 歓迎 台湾 食品 輸入 規制 緩和 コメ 流通 拡大 期待 福島
コメ	朝日	2022-02-09	2022	あんぽ柿やコメの魅力、海外に発信　県がＰＲ動画　／福島県	福島全県・１地方／写真図表有	0.5	2	1	ポジティブ		魅力:+1.0(名詞) ＰＲ:+0.0(名詞)	ある ぽい コメ 魅力 海外 発信 ＰＲ 動画 福島
コメ	朝日	2022-02-01	2022	苦境のコメ、輸出に活路　風評被害とコロナ禍　ＪＡ福島さくら、６０トン目標／福島県	福島全県・１地方／写真図表有	-0.4167	6	6	ネガティブ		苦境:-1.0(名詞) 輸出:+0.4(補助) 風評:-0.9(補助) 被害:-1.0(名詞) 禍:-1.0(名詞) 目標:+1.0(名詞)	苦境 コメ 輸出 活路 風評 被害 コロナ ＪＡ 福島 さくら トン 目標 福島
コメ	朝日	2022-01-10	2022	福島・会津のコメが震災後初、米へ輸出　／宮城県	宮城全県・１地方／写真図表有	-0.2	3	2	ネガティブ		震災:-1.0(名詞) 米:+0.0(名詞) 輸出:+0.4(補助)	福島 会津 コメ 震災 輸出 宮城
コメ	朝日	2021-12-03	2021	思いコメて、飯べらに焼き印　会津若松　／福島県	福島全県・１地方／写真図表有／「コメて」は動詞・ノイズ	0.0	0	0	判定不能	要確認		思い コメ べら 焼き印 会津若松 福島
コメ	朝日	2021-10-24	2021	（２０２１衆院選　選挙区を歩く：４）コメどころ＠柳津　「もはや大規模農業はリスク」／福島県	福島全県・１地方／写真図表有／連載	0.0	2	2	中立		規模:+1.0(名詞) リスク:-1.0(名詞)	衆院 選挙 歩く コメ どころ 柳津 もはや 規模 農業 リスク 福島
コメ	朝日	2021-03-17	2021	《朝日新聞デジタル》（帰りなんいざ　福島へ：８）故郷のコメ、なぜ食べるのか？唯一無二の「絆」確かめる	デジ専／連載	1.0	1	1	ポジティブ		絆:+1.0(名詞)	朝日新聞 デジタル 帰る なる いざ 福島 故郷 コメ なぜ 食べる 唯一 無二 確かめる
コメ	朝日	2020-12-05	2020	コメ作付け削減、地域に目安説明　推進会議が協力求める　／福島県	福島全県・２地方	0.25	4	1	ポジティブ		作付け:+0.0(補助) 説明:+0.0(名詞) 推進:+0.0(名詞) 協力:+1.0(名詞)	コメ 作付け 削減 地域 目安 説明 推進 会議 協力 求める 福島
コメ	朝日	2020-06-06	2020	生活困る学生にコメを贈り支援　ＪＡ福島さくら　／福島県	福島全県・１地方／写真図表有	0.3333	3	3	ポジティブ		困る:-1.0(用言) 贈る:+1.0(用言) 支援:+1.0(名詞)	生活 困る 学生 コメ 贈る 支援 ＪＡ 福島 さくら 福島
コメ	朝日	2020-05-22	2020	（＃コロナに負けるな！）苦境の学生に力を　帰省自粛にコメなど・いわき出身者にふるさとの味／福島県	福島全県・１地方／写真図表有／連載	-0.1667	6	5	ネガティブ		負ける:-1.0(用言) 苦境:-1.0(名詞) 力:+1.0(名詞) 自粛:-1.0(名詞) ふるさと:+0.0(名詞) 味:+1.0(名詞)	コロナ 負ける 苦境 学生 帰省 自粛 コメ いわき 出身 ふるさと 福島
コメ	朝日	2020-04-25	2020	バイト減の学生へ、エールのコメ１トン　ＪＡ、福島大に贈呈　／福島県	福島全県・１地方／写真図表有	1.0	1	1	ポジティブ		エール:+1.0(名詞)	バイト 学生 エール コメ トン ＪＡ 福島大 贈呈 福島
コメ	朝日	2020-01-15	2020	桃田選手負傷、「早期回復願う」　知事がコメント　／福島県	福島全県・１地方／ノイズ（コメント）	0.0	3	2	中立	要確認	負傷:-1.0(名詞) 早期:+0.0(名詞) 回復:+1.0(名詞)	桃田 選手 負傷 早期 回復 願う 知事 コメント 福島
コメ	朝日	2019-12-02	2019	地元海産物・コメ、「フラ焼き」に込め　いわき海星高生が考案　／福島県	福島全県・１地方／写真図表有	0.0	0	0	判定不能			地元 海産物 コメ フラ 焼き 込める いわき 海星 考案 福島
コメ	朝日	2019-04-05	2019	日本酒ＰＲ動画に中傷コメント　「放射性物質が含まれている」など十数件　／福島県	福島全県・１地方／写真図表有／ノイズ（コメント）だが内容は風評関連	-0.25	4	1	ネガティブ	要確認	ＰＲ:+0.0(名詞) 中傷:-1.0(名詞) 性:+0.0(名詞) 物質:+0.0(名詞)	日本 ＰＲ 動画 中傷 コメント 放射 物質 含む れる いる 福島
コメ	朝日	2019-02-05	2019	コメ全量全袋検査、消費者４６％「必要」　消費者団体「抽出への懸念も」　／福島県	福島中会・１地方	-0.2	5	1	ネガティブ		検査:+0.0(名詞) 消費:+0.0(名詞) 必要:+0.0(名詞) 消費:+0.0(名詞) 懸念:-1.0(名詞)	コメ 全量 検査 消費 必要 消費 団体 抽出 懸念 福島
コメ	朝日	2018-10-16	2018	丹精コメた厳選米、５キロ３５００円で販売　会津農書を継承、２６日から　／福島県	福島中会・１地方／写真図表有／ノイズ（込めた）	0.0	4	0	判定不能	要確認	厳選:+0.0(名詞) 米:+0.0(名詞) 販売:+0.0(名詞) 継承:+0.0(名詞)	丹精 コメ 厳選 キロ 販売 会津 継承 福島
コメ	朝日	2018-06-27	2018	商業施設開業、楢葉に活気再び　「ここなら笑店街」コメリなど１０店舗　／福島県	福島中会・１地方／写真図表有／ノイズ（コメリ）	0.25	4	1	ポジティブ	要確認	開業:+0.0(名詞) 活気:+1.0(名詞) ここ:+0.0(名詞) 笑:+0.0(名詞)	商業 施設 開業 楢葉 活気 再び ここ コメリ 店舗 福島
コメ	朝日	2018-05-10	2018	福島、広田組が移籍にコメント　バドミントン	スポーツ１／ノイズ（コメント・バドミントン）	0.0	0	0	判定不能	要確認		福島 広田 移籍 コメント バドミントン
コメ	朝日	2018-03-29	2018	福島産コメ・牛肉、価格戻らず　２０品目、震災前と比較　農水省	５総合（全国面）	-0.6667	3	2	ネガティブ		価格:-1.0(名詞) 品目:+0.0(名詞) 震災:-1.0(名詞)	福島 コメ 牛肉 価格 戻る 品目 震災 比較 農水省
コメ	朝日	2018-03-03	2018	コメ抽出検査化、福島県正式発表　早ければ２０２０年産から	５総合（全国面）	0.0	1	0	判定不能		検査:+0.0(名詞)	コメ 抽出 検査 福島 正式 発表 早い 年産
コメ	朝日	2018-02-14	2018	特産食材で焼酎造り　福島はコメ、青森では長芋…　地元農家の振興も期待／東北・共通	宮城全県・２地方／写真図表有	0.6667	3	2	ポジティブ		特産:+0.0(名詞) 振興:+1.0(名詞) 期待:+1.0(名詞)	特産 食材 焼酎 造り 福島 コメ 青森 長芋 地元 農家 振興 期待 東北 共通
コメ	朝日	2018-01-27	2018	ＪＡ「検査法決定が先」　コメ全袋検査、県素案に異論　／福島県	福島中会・１地方	-0.25	4	1	ネガティブ		検査:+0.0(名詞) 決定:+0.0(名詞) 検査:+0.0(名詞) 異論:-1.0(名詞)	ＪＡ 検査 決定 コメ 検査 素案 異論 福島
コメ	朝日	2018-01-19	2018	コメの検査「抽出」に　全量全袋から移行　県素案　／福島県	福島中会・１地方	0.0	1	0	判定不能		検査:+0.0(名詞)	コメ 検査 抽出 全量 移行 素案 福島
コメ	朝日	2017-12-02	2017	ＥＵ、輸入規制緩和　福島産コメ・周辺の水産物　９カ国・地域は停止継続	５総合（全国面）	0.0	3	0	判定不能		規制:+0.0(名詞) 緩和:+0.0(名詞) 停止:+0.0(名詞)	ＥＵ 輸入 規制 緩和 福島 コメ 周辺 水産物 カ国 地域 停止 継続
コメ	朝日	2017-10-06	2017	福島と沖縄のリアル、コメディーで　右京で１４日、ミュージカル公演　／京都府	京都市内・１地方／写真図表有／ノイズ（コメディー）	1.0	1	1	ポジティブ	要確認	リアル:+1.0(名詞)	福島 沖縄 リアル コメディー 右京 ミュージカル 公演 京都
コメ	朝日	2017-09-27	2017	ＥＵ、年内にも解除　福島産コメの輸入規制	５総合（全国面）	0.25	2	1	ポジティブ		解除:+0.5(補助) 規制:+0.0(名詞)	ＥＵ 年内 解除 福島 コメ 輸入 規制
コメ	朝日	2017-07-28	2017	全量全袋検査、見直し議論　コメ、１８年産以降について　県検討会　／福島県	福島中会・１地方	0.0	3	0	判定不能		検査:+0.0(名詞) 議論:+0.0(名詞) 検討:+0.0(名詞)	全量 検査 見直し 議論 コメ 年産 以降 検討 福島
コメ	朝日	2017-02-07	2017	コメの全量全袋検査、「今後も必要」７割超　県内消費者への調査結果　／福島県	福島中会・１地方	0.0	3	0	判定不能		検査:+0.0(名詞) 必要:+0.0(名詞) 消費:+0.0(名詞)	コメ 全量 検査 今後 必要 県内 消費 調査 結果 福島
コメ	朝日	2017-01-31	2017	食品の放射性物質検査、コメなどで新指針案　国、取りやめに向け基準　／福島県	福島中会・１地方	0.0	4	0	判定不能		性:+0.0(名詞) 物質:+0.0(名詞) 検査:+0.0(名詞) 基準:+0.0(名詞)	食品 放射 物質 検査 コメ 指針案 取りやめ 向ける 基準 福島
コメ	朝日	2016-10-06	2016	楢葉町産のコメ出荷へ　放射性物質、すべて基準下回る　／福島県	福島中会・１地方／写真図表有	0.0	3	0	判定不能		性:+0.0(名詞) 物質:+0.0(名詞) 基準:+0.0(名詞)	楢葉 コメ 出荷 放射 物質 すべて 基準 下回る 福島
コメ	朝日	2016-05-16	2016	コメ実証栽培へ、手作業で田植え 浪江の住民と学生ら ／福島県	福島中会・１地方／写真図表有	0.0	1	0	判定不能		実証:+0.0(名詞)	コメ 実証 栽培 手作業 田植え 浪江 住民 学生 福島
コメ	朝日	2015-10-22	2015	コメ全量検査、継続に「意味」 森山農水相が視察 ／福島県	福島中会・１地方	0.25	4	1	ポジティブ		検査:+0.0(名詞) 意味:+1.0(名詞) 農水:+0.0(名詞) 相:+0.0(名詞)	コメ 全量 検査 継続 意味 森山 農水 視察 福島
コメ	朝日	2015-10-16	2015	ふるさと納税、うれしい悲鳴 湯川村、特典のコメ評判 ３億７０００万円に ／福島県	福島中会・１地方／写真図表有	0.25	4	3	ポジティブ		ふるさと:+0.0(名詞) 悲鳴:-1.0(名詞) 特典:+1.0(名詞) 評判:+1.0(名詞)	ふるさと 納税 うれしい 悲鳴 湯川 特典 コメ 評判 福島
コメ	朝日	2015-10-14	2015	福大生、復興へ現場主義 コメ出品へ稲刈り・仮設で聞き取り ／福島県	福島中会・１地方／写真図表有	0.3333	3	1	ポジティブ		福:+1.0(名詞) 復興:+0.0(名詞) 稲刈り:+0.0(名詞)	大生 復興 現場 主義 コメ 出品 稲刈り 仮設 聞き取る 福島
コメ	朝日	2015-10-07	2015	「農業復興、足かせ必至」 意欲低下、コメ農家ら危機感 ＴＰＰ合意 ／福島県	福島中会・１地方／写真図表有	-0.2	5	3	ネガティブ		復興:+0.0(名詞) 必至:+0.0(名詞) 意欲:+1.0(名詞) 低下:-1.0(名詞) 危機:-1.0(名詞)	農業 復興 足かせ 必至 意欲 低下 コメ 農家 危機 ＴＰＰ 合意 福島
コメ	朝日	2015-09-19	2015	規制委「無関係」、東大教授が批判 がれき処理とコメ汚染 ／福島県	福島全県・２地方	-0.5	4	2	ネガティブ		規制:+0.0(名詞) 教授:+0.0(名詞) 批判:-1.0(名詞) 汚染:-1.0(名詞)	規制 無関係 東大 教授 批判 れき 処理 コメ 汚染 福島
コメ	朝日	2015-09-09	2015	コメ検査経費、町職員が着服か 古殿、計１７５万円 ／福島県	福島中会・１地方	-0.6333	3	2	ネガティブ		検査:+0.0(名詞) 経費:-1.0(名詞) 着服:-0.9(補助)	コメ 検査 経費 職員 着服 古殿 福島
コメ	朝日	2015-06-28	2015	コメ全量全袋検査に話題集中 有機農業学会、福島でフォーラム ／福島県	福島中会・１地方	0.3333	3	1	ポジティブ		検査:+0.0(名詞) 話題:+1.0(名詞) 集中:+0.0(名詞)	コメ 全量 検査 話題 集中 有機 農業 学会 福島 フォーラム 福島
コメ	朝日	2015-03-28	2015	コメ検査８６６袋分、４ＪＡ不正認証 農政局が改善命令 ／福島県	福島中会・１地方	0.22	5	3	ポジティブ		検査:+0.0(名詞) 不正:-0.9(補助) 認証:+1.0(名詞) 農政:+0.0(名詞) 改善:+1.0(名詞)	コメ 検査 ＪＡ 不正 認証 農政 改善 命令 福島
コメ	朝日	2015-03-27	2015	栃木・福島の入札価格、全農県本部が漏らす コメ施設談合	３社会（全国面）	-0.9667	3	3	ネガティブ		価格:-1.0(名詞) 漏らす:-1.0(用言) 談合:-0.9(補助)	栃木 福島 入札 価格 全農 本部 漏らす コメ 施設 談合
コメ	朝日	2015-02-28	2015	コメ出荷、今秋可能に 葛尾村 ／福島県	福島全県・２地方	0.0	1	0	判定不能		可能:+0.0(名詞)	コメ 出荷 今秋 可能 葛尾 福島
コメ	朝日	2014-12-26	2014	来年度以降のコメ作り説明 食用米以外も生産拡大 ／福島県	福島中会・１地方	0.2	5	1	ポジティブ		作り:+1.0(名詞) 説明:+0.0(名詞) 米:+0.0(名詞) 生産:+0.0(名詞) 拡大:+0.0(名詞)	来年度 以降 コメ 作り 説明 食用 以外 生産 拡大 福島
コメ	朝日	2014-12-03	2014	「復興に追い風」知事らコメント 常磐道開通の首相発言 ／福島県	福島中会・１地方／ノイズ（コメント）	0.0	1	0	判定不能	要確認	復興:+0.0(名詞)	復興 追い風 知事 コメント 常磐 開通 首相 発言 福島
コメ	朝日	2014-12-02	2014	コメの放射性物質汚染 土壌や用水由来、農水省は否定的 ／福島県	福島中会・１地方	-0.2	5	1	ネガティブ		性:+0.0(名詞) 物質:+0.0(名詞) 汚染:-1.0(名詞) 用水:+0.0(名詞) 否定:+0.0(名詞)	コメ 放射 物質 汚染 土壌 用水 由来 農水省 否定 福島
コメ	朝日	2014-11-27	2014	コメ汚染「がれき撤去原因」、規制委が否定的な見解 福島第一	５総合（全国面）	-0.5	4	2	ネガティブ		汚染:-1.0(名詞) 原因:-1.0(名詞) 規制:+0.0(名詞) 否定:+0.0(名詞)	コメ 汚染 がれき 撤去 原因 規制 否定 見解 福島
コメ	朝日	2014-11-23	2014	がれき処理影響、市長が再度見解 南相馬のコメ汚染 ／福島県	福島中会・１地方	-0.5	2	1	ネガティブ		影響:+0.0(名詞) 汚染:-1.0(名詞)	がれき 処理 影響 市長 再度 見解 相馬 コメ 汚染 福島
コメ	朝日	2014-10-10	2014	いわき産のコメ、給食使用に反対 母親ら市教委に署名 ／福島県	福島中会・１地方	-0.5	2	1	ネガティブ		反対:-1.0(名詞) 署名:+0.0(名詞)	いわき コメ 給食 使用 反対 母親 教委 署名 福島
コメ	朝日	2014-09-29	2014	４年ぶり、コメ収穫の喜び 川内村 ／福島県	福島中会・１地方／写真図表有	1.0	2	2	ポジティブ		収穫:+1.0(名詞) 喜び:+1.0(名詞)	ぶり コメ 収穫 喜び 川内 福島
コメ	朝日	2014-09-27	2014	いわきのコメ、給食に 市教委、「安全確保」１２月から ／福島県	福島中会・１地方	1.0	2	2	ポジティブ		安全:+1.0(名詞) 確保:+1.0(名詞)	いわき コメ 給食 教委 安全 確保 １２月 福島
コメ	朝日	2014-08-19	2014	福島産のコメ、輸出を再開へ 震災後初、シンガポールで販売	３社会（全国面）	-0.025	4	3	中立		輸出:+0.4(補助) 再開:+0.5(補助) 震災:-1.0(名詞) 販売:+0.0(名詞)	福島 コメ 輸出 再開 震災 シンガポール 販売
コメ	朝日	2014-07-14	2014	福島第一がれき撤去、２０キロ先汚染 昨夏、コメにセシウム	１総合（全国面・１面）／写真図表有	-0.95	2	2	ネガティブ		汚染:-1.0(名詞) セシウム:-0.9(補助)	福島 がれき 撤去 キロ 汚染 昨夏 コメ セシウム
コメ	朝日	2014-05-16	2014	集団的自衛権「十分議論を」 知事がコメント ／福島県	福島中会・１地方／ノイズ（コメント）	0.3333	3	1	ポジティブ	要確認	自衛:+0.0(名詞) 十分:+1.0(名詞) 議論:+0.0(名詞)	集団 自衛 十分 議論 知事 コメント 福島
コメ	朝日	2014-03-08	2014	（東日本大震災３年 ふくしま）コメ作り、制限緩和 帰還困難区域以外可能に／福島県	福島中会・１地方／写真図表有／連載	-0.1667	6	3	ネガティブ		大震災:-1.0(名詞) 作り:+1.0(名詞) 制限:+0.0(名詞) 緩和:+0.0(名詞) 困難:-1.0(名詞) 可能:+0.0(名詞)	東日本 大震災 ふく しま コメ 作り 制限 緩和 帰還 困難 区域 以外 可能 福島
コメ	朝日	2013-12-11	2013	川内村のコメ、全て基準値以下 全袋検査終了 ／福島県	福島中会・１地方	0.0	2	0	判定不能		基準:+0.0(名詞) 検査:+0.0(名詞)	川内 コメ 全て 基準 以下 検査 終了 福島
コメ	朝日	2013-11-12	2013	旧福島市のコメ、基準超のセシウム ／福島県	福島中会・１地方	-0.45	2	1	ネガティブ		基準:+0.0(名詞) セシウム:-0.9(補助)	福島 コメ 基準 セシウム 福島
コメ	朝日	2013-10-09	2013	コメ２袋で基準超えセシウム 南相馬・旧太田村 ／福島県	福島中会・１地方	-0.45	2	1	ネガティブ		基準:+0.0(名詞) セシウム:-0.9(補助)	コメ 基準 超える セシウム 相馬 太田 福島
コメ	朝日	2013-10-03	2013	３年ぶり出荷待つ 川内でコメ全袋検査始まる ／福島県	福島中会・１地方／写真図表有	0.0	1	0	判定不能		検査:+0.0(名詞)	ぶり 出荷 待つ 川内 コメ 検査 始まる 福島
コメ	朝日	2013-10-02	2013	吉野家、県内で野菜とコメ 白河に農業生産法人設立 ／福島県	福島全県・２地方	0.0	1	0	判定不能		生産:+0.0(名詞)	吉野家 県内 野菜 コメ 白河 農業 生産 法人 設立 福島
コメ	朝日	2013-09-27	2013	コメ全袋検査に卸業者招く 郡山、ＪＡが安全安心ＰＲ ／福島県	福島中会・１地方／写真図表有	0.5	4	2	ポジティブ		検査:+0.0(名詞) 安全:+1.0(名詞) 安心:+1.0(名詞) ＰＲ:+0.0(名詞)	コメ 検査 卸業者 招く 郡山 ＪＡ 安全 安心 ＰＲ 福島
コメ	朝日	2013-09-18	2013	前向きに生きる姿「福島引き戻す力に」 放射能と闘うコメ農家の記録映画 ／福島県	福島全県・２地方／写真図表有	0.25	4	3	ポジティブ		姿:+0.0(名詞) 力:+1.0(名詞) 放射能:-1.0(名詞) 記録:+1.0(名詞)	前向き 生きる 福島 引き戻す 放射能 闘う コメ 農家 記録 映画 福島
コメ	朝日	2013-06-21	2013	ＴＰＰ農林水産業打撃、県試算年１０４１億円 コメ半減、牛肉４８％減… ／福島県	福島中会・１地方	-0.6667	3	2	ネガティブ		農林:+0.0(名詞) 業:-1.0(名詞) 打撃:-1.0(名詞)	ＴＰＰ 農林 水産 打撃 試算 コメ 半減 牛肉 福島
コメ	朝日	2013-06-11	2013	困難区域でコメ試験栽培 飯舘・長泥の除染農地 ／福島県	福島中会・１地方／写真図表有	-1.0	2	2	ネガティブ		困難:-1.0(名詞) 試験:-1.0(名詞)	困難 区域 コメ 試験 栽培 飯舘 長泥 農地 福島
コメ	朝日	2013-05-31	2013	コメ試験田拡充、実証栽培は１２０ヘクタール 南相馬 ／福島県	福島中会・１地方	0.0	3	2	中立		試験:-1.0(名詞) 拡充:+1.0(名詞) 実証:+0.0(名詞)	コメ 試験 拡充 実証 栽培 ヘクタール 相馬 福島
コメ	朝日	2013-05-15	2013	放射能不検出９８％ 昨年度出荷、福島市産のコメ以外の農産物 ／福島県	福島中会・１地方	-1.0	1	1	ネガティブ		放射能:-1.0(名詞)	放射能 検出 昨年度 出荷 福島 コメ 以外 農産物 福島
コメ	朝日	2013-03-20	2013	居住制限区域でもコメ作付け再開へ 飯舘村や川内村 ／福島県	福島中会・１地方	0.1667	3	1	ポジティブ		制限:+0.0(名詞) 作付け:+0.0(補助) 再開:+0.5(補助)	居住 制限 区域 コメ 作付け 再開 飯舘 川内 福島
コメ	朝日	2013-02-09	2013	原発２０キロ圏外を実証栽培区域に 南相馬市、コメ作付け ／福島県	福島中会・１地方	0.0	3	0	判定不能		原発:+0.0(名詞) 実証:+0.0(名詞) 作付け:+0.0(補助)	原発 キロ 圏外 実証 栽培 区域 相馬 コメ 作付け 福島
コメ	朝日	2013-01-30	2013	福島のコメ作付け、新たに２０００ヘクタール可能に 避難区域の再編受け	２社会（全国面）／写真図表有	-0.3333	3	1	ネガティブ		作付け:+0.0(補助) 可能:+0.0(名詞) 避難:-1.0(名詞)	福島 コメ 作付け 新た ヘクタール 可能 避難 区域 再編 受ける
コメ	朝日	2013-01-10	2013	コメ全袋検査ほぼ終了 ９９．９９％、基準下回る 県、「検査体制整う」 ／福島県	福島中会・１地方	0.25	4	1	ポジティブ		検査:+0.0(名詞) 基準:+0.0(名詞) 検査:+0.0(名詞) 整う:+1.0(用言)	コメ 検査 ほぼ 終了 基準 下回る 検査 体制 整う 福島
コメ	朝日	2013-01-08	2013	福島市産コメ、再び給食に 市内小中学校、「５段階検査で安全性を確認」 ／福島県	福島中会・１地方	0.25	4	1	ポジティブ		検査:+0.0(名詞) 安全:+1.0(名詞) 性:+0.0(名詞) 確認:+0.0(名詞)	福島 コメ 再び 給食 市内 小中学校 段階 検査 安全 確認 福島
コメ	朝日	2012-12-22	2012	コメ作付け、来年も中止 福島・南相馬	３社会（全国面）	-0.35	2	1	ネガティブ		作付け:+0.0(補助) 中止:-0.7(補助)	コメ 作付け 来年 中止 福島 相馬
コメ	朝日	2012-12-13	2012	福島などのコメ１８袋、放射線量基準値超え ／福島県	福島中会・１地方	0.0	3	2	中立		放射線:-1.0(名詞) 量:+1.0(名詞) 基準:+0.0(名詞)	福島 コメ 放射線 基準 超える 福島
コメ	朝日	2012-12-12	2012	試験田のコメ、放射性セシウム基準以下 楢葉町長が公表 ／福島県	福島中会・１地方	-0.475	4	2	ネガティブ		試験:-1.0(名詞) 性:+0.0(名詞) セシウム:-0.9(補助) 基準:+0.0(名詞)	試験 コメ 放射 セシウム 基準 以下 楢葉 町長 公表 福島
コメ	朝日	2012-11-27	2012	旧下川崎のコメ、基準値超え２袋 県発表 ／福島県	福島全県・２地方	0.0	1	0	判定不能		基準:+0.0(名詞)	下川崎 コメ 基準 超える 発表 福島
コメ	朝日	2012-11-23	2012	コメ全袋検査で基準超セシウム 川俣町などで収穫 ／福島県	福島中会・１地方	0.025	4	2	中立		検査:+0.0(名詞) 基準:+0.0(名詞) セシウム:-0.9(補助) 収穫:+1.0(名詞)	コメ 検査 基準 セシウム 川俣 収穫 福島
コメ	朝日	2012-11-15	2012	三春のコメ、３６０ベクレルを検出 今年の最大値 ／福島県	福島中会・１地方	0.0	1	0	判定不能		今年:+0.0(名詞)	三春 コメ ベクレル 検出 今年 最大 福島
コメ	朝日	2012-11-11	2012	（現場から ふくしまを歩く）福島のコメどう売られどう評価 流通追い各地へ／福島県	福島中会・１地方／写真図表有／連載	0.0	1	0	判定不能		評価:+0.0(名詞)	現場 ふく しま 歩く 福島 コメ どう 売る れる どう 評価 流通 追う 各地 福島
コメ	朝日	2012-11-08	2012	コメ９袋から基準超セシウム 旧福島市と旧松川町 ／福島県	福島中会・１地方	-0.45	2	1	ネガティブ		基準:+0.0(名詞) セシウム:-0.9(補助)	コメ 基準 セシウム 福島 松川 福島
コメ	朝日	2012-11-07	2012	コメ１７袋から基準超セシウム 福島市・旧水原村 ／福島県	福島中会・１地方	-0.45	2	1	ネガティブ		基準:+0.0(名詞) セシウム:-0.9(補助)	コメ 基準 セシウム 福島 水原 福島
コメ	朝日	2012-11-02	2012	コメ６袋から１１０ベクレル 福島市南部の旧平田村産 ／福島県	福島中会・１地方	0.0	0	0	判定不能			コメ ベクレル 福島 南部 平田 福島
コメ	朝日	2012-10-30	2012	（農家と放射能 闘いの一年：１１）結果分からぬコメ検査 ／福島県	福島中会・１地方／写真図表有／連載	-0.5	2	1	ネガティブ		放射能:-1.0(名詞) 検査:+0.0(名詞)	農家 放射能 闘い 結果 分かる コメ 検査 福島
コメ	朝日	2012-10-30	2012	福島・須賀川のコメ、出荷停止を解除	３社会（全国面）	0.25	2	1	ポジティブ		停止:+0.0(名詞) 解除:+0.5(補助)	福島 須賀川 コメ 出荷 停止 解除
コメ	朝日	2012-10-26	2012	基準超え地域のコメを出荷停止 政府、福島知事に指示	３社会（全国面）	0.0	2	0	判定不能		基準:+0.0(名詞) 停止:+0.0(名詞)	基準 超える 地域 コメ 出荷 停止 政府 福島 知事 指示
コメ	朝日	2012-10-25	2012	福島のコメから基準超セシウム	３社会（全国面）	-0.45	2	1	ネガティブ		基準:+0.0(名詞) セシウム:-0.9(補助)	福島 コメ 基準 セシウム
コメ	朝日	2012-10-06	2012	基準超コメ検出、袋の異物原因か 県の全袋検査 ／福島県	福島中会・１地方	-0.5	4	2	ネガティブ		基準:+0.0(名詞) 異物:-1.0(名詞) 原因:-1.0(名詞) 検査:+0.0(名詞)	基準 コメ 検出 異物 原因 検査 福島
コメ	朝日	2012-10-03	2012	コメの作柄概況、「やや良」に修正 会津と浜通り ／福島県	福島全県・２地方	0.3333	3	1	ポジティブ		作柄:+0.0(名詞) 良:+1.0(名詞) 修正:+0.0(名詞)	コメ 作柄 概況 やや 修正 通り 福島
コメ	朝日	2012-09-23	2012	（声）懐かしい福島のコメ、楽しみ	オピニオン２（投書欄）	1.0	1	1	ポジティブ		楽しみ:+1.0(名詞)	懐かしい 福島 コメ 楽しみ
コメ	朝日	2012-09-21	2012	田んぼアート見ごろ 三春町、コメ７種類使い ／福島県	福島全県・２地方／写真図表有	0.0	0	0	判定不能			田んぼ アート 見る ごろ 三春 コメ 種類 使い 福島
コメ	朝日	2012-09-03	2012	（防災 復興）「福島産」の名にかけて 信頼のため、コメ全袋検査	４社会（全国面）／写真図表有／連載	0.5	6	3	ポジティブ		防災:+0.0(名詞) 復興:+0.0(名詞) 名:+1.0(名詞) 信頼:+1.0(名詞) ため:+1.0(名詞) 検査:+0.0(名詞)	防災 復興 福島 信頼 ため コメ 検査
コメ	朝日	2012-08-28	2012	川の向こうはコメ作付けを制限 福島	５総合（全国面）／写真図表有	0.0	2	0	判定不能		作付け:+0.0(補助) 制限:+0.0(名詞)	向こう コメ 作付け 制限 福島
コメ	朝日	2012-08-26	2012	コメ全袋検査スタート「安心・安全届けたい」 セシウム検出下限未満に ／福島県	福島中会・１地方／写真図表有	0.1833	6	3	ポジティブ		検査:+0.0(名詞) 安心:+1.0(名詞) 安全:+1.0(名詞) 届け:+0.0(名詞) セシウム:-0.9(補助) 下限:+0.0(名詞)	コメ 検査 スタート 安心 安全 届ける セシウム 検出 下限 未満 福島
コメ	朝日	2012-08-09	2012	一時的に６０億円、県が立て替えへ コメ全袋検査費 ／福島県	福島全県・２地方	0.0	1	0	判定不能		検査:+0.0(名詞)	一時 立て替える コメ 検査 福島
コメ	朝日	2012-07-27	2012	管理計画認めてコメ出荷を解除 １０市町村農家対象 ／福島県	福島全県・１地方	0.75	2	2	ポジティブ		認める:+1.0(用言) 解除:+0.5(補助)	管理 計画 認める コメ 出荷 解除 市町村 農家 対象 福島
コメ	朝日	2012-07-20	2012	コメ作り再開、アヒルに託す 広野の新妻さん、２年ぶり無農薬米作付け ／福島県	福島全県・２地方／写真図表有	0.375	4	2	ポジティブ		作り:+1.0(名詞) 再開:+0.5(補助) 米:+0.0(名詞) 作付け:+0.0(補助)	コメ 作り 再開 アヒル 託す 広野 新妻 さん ぶり 農薬 作付け 福島
コメ	朝日	2012-05-29	2012	コメ全袋検査へ機器選定説明会 郡山で農家など集め ／福島県	福島中会・１地方	0.0	2	0	判定不能		検査:+0.0(名詞) 説明:+0.0(名詞)	コメ 検査 機器 選定 説明 郡山 農家 集める 福島
コメ	朝日	2012-05-28	2012	コメ作り見合わせた相馬・玉野の全農地、放射線量測定へ 東農大チーム ／福島県	福島中会・１地方	0.3333	3	3	ポジティブ		作り:+1.0(名詞) 放射線:-1.0(名詞) 量:+1.0(名詞)	コメ 作り 見合わせる 相馬 玉野 農地 放射線 測定 東農大 チーム 福島
コメ	朝日	2012-05-22	2012	福島産のコメを長野産に偽装 卸業者に改善指導	夕刊２社会（全国面）	0.0333	3	2	中立		偽装:-0.9(補助) 改善:+1.0(名詞) 指導:+0.0(名詞)	福島 コメ 長野 偽装 卸業者 改善 指導
コメ	朝日	2012-05-21	2012	故郷思いコメ作り 双葉から避難の農家、埼玉で ／福島県	福島中会・１地方／写真図表有	0.0	2	2	中立		作り:+1.0(名詞) 避難:-1.0(名詞)	故郷 思い コメ 作り 双葉 避難 農家 埼玉 福島
コメ	朝日	2012-05-08	2012	農林水産物対策、コメ検査支援も 県やＪＡが協議会 ／福島県	福島全県・２地方／写真図表有	0.25	4	1	ポジティブ		農林:+0.0(名詞) 対策:+0.0(名詞) 検査:+0.0(名詞) 支援:+1.0(名詞)	農林 水産物 対策 コメ 検査 支援 ＪＡ 協議 福島
コメ	朝日	2012-04-21	2012	福島のコメ農家、３５億円賠償請求 原発ＡＤＲに３人が申し立て	５総合（全国面）	-0.1667	3	1	ネガティブ		賠償:-0.5(補助) 原発:+0.0(名詞) 人:+0.0(名詞)	福島 コメ 農家 賠償 請求 原発 ＡＤＲ 申し立てる
コメ	朝日	2012-04-06	2012	コメ作付け制限、福島知事に指示 野田政権	３社会（全国面）	0.0	2	0	判定不能		作付け:+0.0(補助) 制限:+0.0(名詞)	コメ 作付け 制限 福島 知事 指示 野田 政権
コメ	朝日	2012-03-29	2012	コメ作付け自粛、代わりに試験田 南相馬市、正式決定 ／福島県	福島中会・１地方	-0.4	5	2	ネガティブ		作付け:+0.0(補助) 自粛:-1.0(名詞) 代わり:+0.0(名詞) 試験:-1.0(名詞) 決定:+0.0(名詞)	コメ 作付け 自粛 代わり 試験 相馬 正式 決定 福島
コメ	朝日	2012-03-29	2012	コメ作付け自粛を正式決定 代わりに試験田 南相馬市 ／福島県	福島浜通り・１地方／中会版と同一記事	-0.4	5	2	ネガティブ		作付け:+0.0(補助) 自粛:-1.0(名詞) 決定:+0.0(名詞) 代わり:+0.0(名詞) 試験:-1.0(名詞)	コメ 作付け 自粛 正式 決定 代わり 試験 相馬 福島
コメ	朝日	2012-03-10	2012	福島コメ、条件作付け４０００ヘクタール 農水省が区割り公表	５総合（全国面）／写真図表有	0.0	1	0	判定不能		作付け:+0.0(補助)	福島 コメ 条件 作付け ヘクタール 農水省 区割り 公表
コメ	朝日	2012-03-09	2012	福島の６市町、コメ作付けへ １００～５００ベクレル地域	５総合（全国面）	0.0	1	0	判定不能		作付け:+0.0(補助)	福島 市町 コメ 作付け ベクレル 地域
コメ	朝日	2012-03-06	2012	コメ全袋検査装置を公開 メーカーが試作器 ／福島県	福島中会・１地方／写真図表有	0.0	1	0	判定不能		検査:+0.0(名詞)	コメ 検査 装置 公開 メーカー 試作 福島
コメ	朝日	2012-03-06	2012	野菜・コメなど、放射性物質の測定サービス 郡山３５カ所で開始 ／福島県	福島中会・１地方／写真図表有	0.3333	3	1	ポジティブ		性:+0.0(名詞) 物質:+0.0(名詞) サービス:+1.0(名詞)	野菜 コメ 放射 物質 測定 サービス 郡山 カ所 開始 福島
コメ	朝日	2012-03-01	2012	事務膨大、不安の声も 福島でコメ作付け説明会 ／福島県	福島中会・１地方	-0.3333	3	1	ネガティブ		不安:-1.0(名詞) 作付け:+0.0(補助) 説明:+0.0(名詞)	事務 膨大 不安 福島 コメ 作付け 説明 福島
コメ	朝日	2012-02-29	2012	コメ作付け地域拡大、評価とあきらめと 農家と自治体、販売は見通せず ／福島県	福島中会・１地方	-0.2	5	1	ネガティブ		作付け:+0.0(補助) 拡大:+0.0(名詞) 評価:+0.0(名詞) あきらめ:-1.0(名詞) 販売:+0.0(名詞)	コメ 作付け 地域 拡大 評価 あきらめ 農家 自治体 販売 見通せる 福島
コメ	朝日	2012-02-24	2012	「県は主体性発揮を」 コメ作付け制限めぐり、市町村から不満の声 ／福島県	福島中会・１地方	0.0	6	2	中立		主体性:+0.0(名詞) 発揮:+1.0(名詞) 作付け:+0.0(補助) 制限:+0.0(名詞) めぐり:+0.0(名詞) 不満:-1.0(名詞)	主体性 発揮 コメ 作付け 制限 めぐる 市町村 不満 福島
コメ	朝日	2012-02-11	2012	南相馬、今年もコメ断念 除染徹底、試験栽培は実施 ／福島県	福島中会・１地方	-0.425	4	2	ネガティブ		今年:+0.0(名詞) 断念:-0.7(補助) 徹底:+0.0(名詞) 試験:-1.0(名詞)	相馬 今年 コメ 断念 徹底 試験 栽培 実施 福島
コメ	朝日	2012-02-08	2012	福島県がコメ調査結果を訂正	３社会（全国面）	0.0	1	0	判定不能		訂正:+0.0(名詞)	福島 コメ 調査 結果 訂正
コメ	朝日	2012-01-20	2012	「規制値超も作付け認めて」 食用以外前提に コメ巡り福島市、農水省に要望／福島県	福島中会・１地方	0.3333	3	1	ポジティブ		規制:+0.0(名詞) 作付け:+0.0(補助) 認める:+1.0(用言)	規制 作付け 認める 食用 以外 前提 コメ 巡り 福島 農水省 要望 福島
コメ	朝日	2012-01-19	2012	コメ緊急調査、県が誤った結果通知 郡山２８４農家、重大８戸に謝罪 ／福島県	福島中会・１地方	-0.6667	3	2	ネガティブ		緊急:-1.0(名詞) 誤る:-1.0(用言) 重大:+0.0(名詞)	コメ 緊急 調査 誤る 結果 通知 郡山 農家 重大 謝罪 福島
コメ	朝日	2012-01-05	2012	福島・伊達市の一部でコメ出荷停止	１社会（全国面）	0.5	2	1	ポジティブ		伊達:+1.0(名詞) 停止:+0.0(名詞)	福島 伊達 一部 コメ 出荷 停止
コメ	朝日	2011-12-31	2011	福島のコメ、伊達の別地区もセシウム基準超	２社会（全国面）	0.0333	3	2	中立		伊達:+1.0(名詞) セシウム:-0.9(補助) 基準:+0.0(名詞)	福島 コメ 伊達 地区 セシウム 基準
コメ	朝日	2011-12-29	2011	福島のコメ農家１４戸、基準値超え セシウム検出問題	３社会（全国面）	-0.6333	3	2	ネガティブ		基準:+0.0(名詞) セシウム:-0.9(補助) 問題:-1.0(名詞)	福島 コメ 農家 基準 超える セシウム 検出 問題
コメ	朝日	2011-12-27	2011	コメ作付け禁止分、県内を優先に調整 市町村別目標決まる ／福島県	福島中会・１地方	0.25	4	1	ポジティブ		作付け:+0.0(補助) 禁止:+0.0(名詞) 優先:+0.0(名詞) 目標:+1.0(名詞)	コメ 作付け 禁止 県内 優先 調整 市町村 目標 決まる 福島
コメ	朝日	2011-12-26	2011	土のカリウム濃度が関係 コメのセシウム値 福島県・農水省調査	２社会（全国面）	-0.9	1	1	ネガティブ		セシウム:-0.9(補助)	カリウム 濃度 関係 コメ セシウム 福島 農水省 調査
コメ	朝日	2011-12-23	2011	渡利地区のコメ、放射性セシウム１５４０ベクレル検出 ／福島県	福島中会・１地方	-0.45	2	1	ネガティブ		性:+0.0(名詞) セシウム:-0.9(補助)	渡利 地区 コメ 放射 セシウム ベクレル 検出 福島
コメ	朝日	2011-12-19	2011	放射性セシウム基準値超え５．６％ 大波地区コメ全袋検査 ／福島県	福島中会・１地方	-0.18	5	1	ネガティブ		性:+0.0(名詞) セシウム:-0.9(補助) 基準:+0.0(名詞) 大波:+0.0(名詞) 検査:+0.0(名詞)	放射 セシウム 基準 超える 大波 地区 コメ 検査 福島
コメ	朝日	2011-12-18	2011	コメまた基準超セシウム 福島・渡利 ／福島県	福島中会・１地方	-0.45	2	1	ネガティブ		基準:+0.0(名詞) セシウム:-0.9(補助)	コメ 基準 セシウム 福島 渡利 福島
コメ	朝日	2011-12-18	2011	出回らぬコメ、悲嘆の福島 消費者も外食業者も敬遠	２社会（全国面）／写真図表有	-0.5667	3	2	ネガティブ		悲嘆:-0.9(補助) 消費:+0.0(名詞) 敬遠:-0.8(補助)	出回る コメ 悲嘆 福島 消費 外食 業者 敬遠
コメ	朝日	2011-12-17	2011	首長・住民ら懐疑的 「コメと同じでは」 原発事故収束宣言 ／福島県	福島中会・１地方	-0.3333	3	1	ネガティブ		懐疑:+0.0(名詞) 原発:+0.0(名詞) 事故:-1.0(名詞)	首長 住民 懐疑 コメ 原発 事故 収束 宣言 福島
コメ	朝日	2011-12-10	2011	福島のコメ、粗い検査 安全宣言後、相次ぐ基準値超え サンプル数少なく「漏れ」	２社会（全国面）／写真図表有	0.2	5	3	ポジティブ		検査:+0.0(名詞) 安全:+1.0(名詞) 基準:+0.0(名詞) 数少ない:+1.0(用言) 漏れ:-1.0(名詞)	福島 コメ 粗い 検査 安全 宣言 相次ぐ 基準 超える サンプル 数少ない 漏れ
コメ	朝日	2011-12-10	2011	福島・伊達の２地区、コメ出荷停止 相馬と南相馬はキウイ	２社会（全国面）	0.5	2	1	ポジティブ		伊達:+1.0(名詞) 停止:+0.0(名詞)	福島 伊達 地区 コメ 出荷 停止 相馬 相馬 キウイ
コメ	朝日	2011-12-09	2011	福島・伊達のコメ、新たに２地区でセシウム基準超	２社会（全国面）	0.0333	3	2	中立		伊達:+1.0(名詞) セシウム:-0.9(補助) 基準:+0.0(名詞)	福島 伊達 コメ 新た 地区 セシウム 基準
コメ	朝日	2011-12-08	2011	コメの生産目標「県内一律配分に」 県検討会議、意向調査後に調整も ／福島県	福島浜通り・１地方	0.2	5	1	ポジティブ		生産:+0.0(名詞) 目標:+1.0(名詞) 一律:+0.0(名詞) 検討:+0.0(名詞) 意向:+0.0(名詞)	コメ 生産 目標 県内 一律 配分 検討 会議 意向 調査 調整 福島
コメ	朝日	2011-12-08	2011	コメ生産目標「一律配分に」 意向調査後に調整も 県検討会議 ／福島県	福島中会・１地方／浜通り版と同一記事	0.2	5	1	ポジティブ		生産:+0.0(名詞) 目標:+1.0(名詞) 一律:+0.0(名詞) 意向:+0.0(名詞) 検討:+0.0(名詞)	コメ 生産 目標 一律 配分 意向 調査 調整 検討 会議 福島
コメ	朝日	2011-12-08	2011	福島・二本松のコメ、１戸で基準値超え セシウム検出	２社会（全国面）	-0.45	2	1	ネガティブ		基準:+0.0(名詞) セシウム:-0.9(補助)	福島 二本松 コメ 基準 超える セシウム 検出
コメ	朝日	2011-12-07	2011	大波地区のコメ、全量購入「困難」 福島市に東電幹部 ／福島県	福島全県・２地方	-0.3333	3	1	ネガティブ		大波:+0.0(名詞) 困難:-1.0(名詞) 幹部:+0.0(名詞)	大波 地区 コメ 全量 購入 困難 福島 東電 幹部 福島
コメ	朝日	2011-10-18	2011	セシウム基準超「まれなケース」 福島・二本松のコメ、県中間報告	２社会（全国面）	-0.3	3	1	ネガティブ		セシウム:-0.9(補助) 基準:+0.0(名詞) まれ:+0.0(名詞)	セシウム 基準 まれ ケース 福島 二本松 コメ 中間 報告
コメ	朝日	2011-10-13	2011	福島県知事が「コメ安全宣言」 県産米の検査終える	１総合（全国面・１面）／写真図表有	0.3333	3	1	ポジティブ		安全:+1.0(名詞) 米:+0.0(名詞) 検査:+0.0(名詞)	福島 県知事 コメ 安全 宣言 検査 終える
コメ	朝日	2011-10-13	2011	消費者の信用は？農家の心晴れず コメ出荷ＯＫ ／福島県	福島全県・１地方	0.5	4	2	ポジティブ		消費:+0.0(名詞) 信用:+1.0(名詞) 晴れる:+1.0(用言) ＯＫ:+0.0(名詞)	消費 信用 農家 晴れる コメ 出荷 ＯＫ 福島
コメ	朝日	2011-10-12	2011	福島のコメ出荷可能 全地点で放射性物質、基準値以下	夕刊１社会（全国面）	0.0	4	0	判定不能		可能:+0.0(名詞) 性:+0.0(名詞) 物質:+0.0(名詞) 基準:+0.0(名詞)	福島 コメ 出荷 可能 地点 放射 物質 基準 以下
コメ	朝日	2011-10-07	2011	二本松のコメ、サンプル５点はセシウム検出せず ／福島県	福島全県・１地方	-0.45	2	1	ネガティブ		点:+0.0(名詞) セシウム:-0.9(補助)	二本松 コメ サンプル セシウム 検出 する 福島
コメ	朝日	2011-09-30	2011	田んぼ１年放っておけぬ 作付け禁止でもコメあえて収穫 川内の避難準備区域／福島県	福島全県・１地方／写真図表有	0.0	5	2	中立		作付け:+0.0(補助) 禁止:+0.0(名詞) 収穫:+1.0(名詞) 避難:-1.0(名詞) 準備:+0.0(名詞)	田んぼ 放つ おける 作付け 禁止 コメ あえて 収穫 川内 避難 準備 区域 福島
コメ	朝日	2011-09-23	2011	６市町村のコメ、新たに出荷可能 ／福島県	福島全県・１地方	0.0	1	0	判定不能		可能:+0.0(名詞)	市町村 コメ 新た 出荷 可能 福島
コメ	朝日	2011-09-22	2011	「地元のコメは」蔵元揺れる秋 放射線測定、安全ＰＲも ／福島県	福島全県・１地方／写真図表有	0.0	4	2	中立		秋:+0.0(名詞) 放射線:-1.0(名詞) 安全:+1.0(名詞) ＰＲ:+0.0(名詞)	地元 コメ 蔵元 揺れる 放射線 測定 安全 ＰＲ 福島
コメ	朝日	2011-09-15	2011	福島の蔵元、揺れる秋 地元のコメ使いたいけど…	夕刊１社会（全国面）／写真図表有	0.0	1	0	判定不能		秋:+0.0(名詞)	福島 蔵元 揺れる 地元 コメ 使う
コメ	朝日	2011-09-10	2011	コメ価格、堅調 ＪＡ福島・宮城	２社会（全国面）	0.0	2	2	中立		価格:-1.0(名詞) 堅調:+1.0(名詞)	コメ 価格 堅調 ＪＡ 福島 宮城
コメ	朝日	2011-08-05	2011	コメ放射性物質調査へ ４８市町村４０２地点で 県、より細かく ／福島県	福島全県・１地方	0.0	2	0	判定不能		性:+0.0(名詞) 物質:+0.0(名詞)	コメ 放射 物質 調査 市町村 地点 より 細かい 福島
コメ	朝日	2011-05-24	2011	「お布団」がコメ育てます いわきの有機農法グループ、一風変わった田植え ／福島県	福島全県・１地方／写真図表有	0.0	0	0	判定不能			布団 コメ 育てる いわき 有機 農法 グループ 一風 変わる 田植え 福島
コメ	朝日	2011-04-27	2011	被災地分コメ生産、１０市町引き受けへ 宮城・福島の６１７０トン ／秋田県	秋田全県・１地方	0.0	3	2	中立		被災:-1.0(名詞) 生産:+0.0(名詞) 引き受け:+1.0(名詞)	被災 コメ 生産 市町 引き受け 宮城 福島 トン 秋田
コメ	朝日	2011-04-22	2011	コメ作付け禁止 福島第一原発「警戒・計画・緊急」の避難域 菅政権	４総合（全国面）	-0.4286	7	3	ネガティブ		作付け:+0.0(補助) 禁止:+0.0(名詞) 原発:+0.0(名詞) 警戒:-1.0(名詞) 緊急:-1.0(名詞) 避難:-1.0(名詞) 域:+0.0(名詞)	コメ 作付け 禁止 福島 原発 警戒 計画 緊急 避難 政権
コメ	朝日	2011-04-22	2011	豊かな地、奪われた コメ作付け禁止、１万ヘクタール・７千戸 福島第一原発事故	夕刊１社会（全国面）／写真図表有	0.0	5	2	中立		豊か:+1.0(名詞) 作付け:+0.0(補助) 禁止:+0.0(名詞) 原発:+0.0(名詞) 事故:-1.0(名詞)	豊か 奪う れる コメ 作付け 禁止 ヘクタール 福島 原発 事故
コメ	朝日	2011-04-15	2011	コメ生産量、福島も調整へ 農地被害影響で	５総合（全国面）	0.0	4	2	中立		生産:+0.0(名詞) 量:+1.0(名詞) 被害:-1.0(名詞) 影響:+0.0(名詞)	コメ 生産 福島 調整 農地 被害 影響
コメ	朝日	2011-04-12	2011	避難準備区域もコメ作付け困難 農水相が表明 福島第一原発事故での放射能汚染	夕刊２社会（全国面）	-0.5	10	5	ネガティブ		避難:-1.0(名詞) 準備:+0.0(名詞) 作付け:+0.0(補助) 困難:-1.0(名詞) 農水:+0.0(名詞) 相:+0.0(名詞) 原発:+0.0(名詞) 事故:-1.0(名詞) 放射能:-1.0(名詞) 汚染:-1.0(名詞)	避難 準備 区域 コメ 作付け 困難 農水 表明 福島 原発 事故 放射能 汚染
コメ	朝日	2011-04-09	2011	コメ作付け禁止へ基準 放射能汚染、近く地域設定 福島原発３０キロ圏内も禁止	１総合（全国面・１面）	-0.2857	7	2	ネガティブ		作付け:+0.0(補助) 禁止:+0.0(名詞) 基準:+0.0(名詞) 放射能:-1.0(名詞) 汚染:-1.0(名詞) 原発:+0.0(名詞) 禁止:+0.0(名詞)	コメ 作付け 禁止 基準 放射能 汚染 近く 地域 設定 福島 原発 キロ 圏内 禁止
コメ	朝日	2011-04-08	2011	汚染地域のコメ作付け、鹿野農水相が禁止方針表明 福島第一原発事故	夕刊２総合（全国面）	-0.2857	7	2	ネガティブ		汚染:-1.0(名詞) 作付け:+0.0(補助) 農水:+0.0(名詞) 相:+0.0(名詞) 禁止:+0.0(名詞) 原発:+0.0(名詞) 事故:-1.0(名詞)	汚染 地域 コメ 作付け 鹿野 農水 禁止 方針 表明 福島 原発 事故
コメ	朝日	2011-04-08	2011	コメ作付けに禁止区域 農水省、汚染推計もとに指定へ 福島原発事故の影響	３総合（全国面）	-0.3333	6	2	ネガティブ		作付け:+0.0(補助) 禁止:+0.0(名詞) 汚染:-1.0(名詞) 原発:+0.0(名詞) 事故:-1.0(名詞) 影響:+0.0(名詞)	コメ 作付け 禁止 区域 農水省 汚染 推計 もと 指定 福島 原発 事故 影響
