品目	紙名	発行日	年	見出し	備考
コメ	朝日	2026-06-17	2026	県産農作物の輸出量半減　コメ、高騰で国内優先に　昨年度　/福島県	
コメ	朝日	2026-06-17	2026	県産農産物の輸出量半減 コメ、高騰で国内優先に 昨年度 ／福島県	
コメ	朝日	2026-05-09	2026	金賞コメ、食べ比べ ふるさと納税、共通返礼品 須賀川市・鏡石町・天栄村 ／福島県	写真図表有
コメ	朝日	2026-03-02	2026	福島県産のコメ、２５年も特Ａ逃す 食味ランキング ／福島県	
コメ	朝日	2025-08-29	2025	小泉農水相とコメ農家、意見交換 猛暑影響や検査基準の見直し… ／福島県	写真図表有
コメ	朝日	2025-08-19	2025	返礼品のコメ、通常受付開始 湯川村、半月前倒し ふるさと納税 ／福島県	写真図表有
コメ	朝日	2025-06-27	2025	「ＴＯＫＩＯ解散残念」 県キャンペーン起用継続に含み 県と西郷村がコメント／福島県	
コメ	朝日	2025-06-01	2025	民家保管のコメ、１８０キロが盗難被害 相馬、施錠ない納屋から ／福島県	
コメ	朝日	2025-05-08	2025	農産物輸出、過去最高 コメ、前年度の倍 県産、昨年度 ／福島県	
コメ	朝日	2024-11-20	2024	コメの予想収穫量、前年比１０．６万トン増 東北６県、作況「やや良」 ／福島県	写真図表有
コメ	朝日	2024-08-14	2024	フードバンク団体、６割で食料寄付減 コメ不足顕著 ＮＰＯアンケート ／福島県	
コメ	朝日	2024-08-14	2024	（みちのくコメ物語：６）高級米、猛暑で追肥のジレンマ ／福島県	写真図表有／連載
コメ	朝日	2024-08-07	2024	（みちのくコメ物語：５）特Ａ常連「ひとめぼれ」、不振 ／福島県	写真図表有／連載
コメ	朝日	2024-08-06	2024	（みちのくコメ物語：４）産地間競争、満塁ホームラン ／福島県	写真図表有／連載
コメ	朝日	2024-08-02	2024	（みちのくコメ物語：３）賢治先生も褒めた「陸羽１３２号」 ／福島県	写真図表有／連載
コメ	朝日	2024-08-01	2024	（みちのくコメ物語：２）おいしさの源流、幻の「亀の尾」 ／福島県	写真図表有／連載
コメ	朝日	2024-07-31	2024	（みちのくコメ物語：１）暑さ寒さに耐える「二刀流」へ挑戦 ／福島県	写真図表有／連載
コメ	朝日	2024-06-12	2024	避難指示解除地域、コメづくり難題 除染で土はぎ取った水田、「地力」心配 ／福島県	写真図表有
コメ	朝日	2024-04-27	2024	県産米輸出量、前年度の１．６倍 ２３年度３８３トン 「コメブーム」背景 ／福島県	写真図表有
コメ	朝日	2023-10-14	2023	コメ作況指数、やや良「１０２」 猛暑で１等の比率低下、懸念 ／福島県	
コメ	朝日	2023-09-09	2023	ＪＡのコメ概算金、２年連続引き上げ ／福島県	写真図表有
コメ	朝日	2023-07-05	2023	「客観性確保を」　知事がコメント　原発処理水放出　／福島県	福島全県・１地方
コメ	朝日	2023-01-28	2023	（東日本大震災１２年）旧コメリ「飯舘再生の場に」　原発事故で営業停止、村外出身の２人に託す／福島県	福島全県・１地方／写真図表有／連載
コメ	朝日	2022-11-08	2022	（食と農のいま）営農本格再開、１２年ぶり「実りの秋」　原発被害の福島・大熊、コメの収穫始まる／宮城県	宮城全県・地域総合／写真図表有／見出しのみ表示／連載
コメ	朝日	2022-10-15	2022	県内のコメ作況、平年並みの「１００」　先月２５日時点　／福島県	福島全県・１地方
コメ	朝日	2022-10-07	2022	（迫る探る＠福島）コメ原料のプラ素材「相双の課題解決に」　南相馬の会社が商品化／福島県	福島全県・１地方／写真図表有／連載
コメ	朝日	2022-09-10	2022	ＪＡコメ概算金、上昇　肥料や資材高騰、背景　２２年産　／福島県	福島全県・１地方／写真図表有
コメ	朝日	2022-07-22	2022	（東北人）加藤晃司さん、絵美さん　コメ農家でビール醸造家　／福島県	福島全県・地域総合／写真図表有／連載
コメ	朝日	2022-04-25	2022	苦境の県産、１１年経ても　コメ低評価定着「一人負け」　／福島県	福島全県・１地方／写真図表有
コメ	朝日	2022-02-16	2022	福島「デリシャス」、海外発信　あんぽ柿・コメ、米サイトに動画　／岩手県	岩手全県・２地方／写真図表有
コメ	朝日	2022-02-16	2022	福島「デリシャス」、海外発信　あんぽ柿・コメ、米サイトに動画　／青森県	青森全県・２地方／写真図表有／岩手版と同一記事
コメ	朝日	2022-02-09	2022	県や農家、歓迎の声　台湾、県産食品の輸入規制緩和　コメ流通拡大を期待　／福島県	福島全県・１地方
コメ	朝日	2022-02-09	2022	あんぽ柿やコメの魅力、海外に発信　県がＰＲ動画　／福島県	福島全県・１地方／写真図表有
コメ	朝日	2022-02-01	2022	苦境のコメ、輸出に活路　風評被害とコロナ禍　ＪＡ福島さくら、６０トン目標／福島県	福島全県・１地方／写真図表有
コメ	朝日	2022-01-10	2022	福島・会津のコメが震災後初、米へ輸出　／宮城県	宮城全県・１地方／写真図表有
コメ	朝日	2021-12-03	2021	思いコメて、飯べらに焼き印　会津若松　／福島県	福島全県・１地方／写真図表有／「コメて」は動詞・ノイズ
コメ	朝日	2021-10-24	2021	（２０２１衆院選　選挙区を歩く：４）コメどころ＠柳津　「もはや大規模農業はリスク」／福島県	福島全県・１地方／写真図表有／連載
コメ	朝日	2021-03-17	2021	《朝日新聞デジタル》（帰りなんいざ　福島へ：８）故郷のコメ、なぜ食べるのか？唯一無二の「絆」確かめる	デジ専／連載
コメ	朝日	2020-12-05	2020	コメ作付け削減、地域に目安説明　推進会議が協力求める　／福島県	福島全県・２地方
コメ	朝日	2020-06-06	2020	生活困る学生にコメを贈り支援　ＪＡ福島さくら　／福島県	福島全県・１地方／写真図表有
コメ	朝日	2020-05-22	2020	（＃コロナに負けるな！）苦境の学生に力を　帰省自粛にコメなど・いわき出身者にふるさとの味／福島県	福島全県・１地方／写真図表有／連載
コメ	朝日	2020-04-25	2020	バイト減の学生へ、エールのコメ１トン　ＪＡ、福島大に贈呈　／福島県	福島全県・１地方／写真図表有
コメ	朝日	2020-01-15	2020	桃田選手負傷、「早期回復願う」　知事がコメント　／福島県	福島全県・１地方／ノイズ（コメント）
コメ	朝日	2019-12-02	2019	地元海産物・コメ、「フラ焼き」に込め　いわき海星高生が考案　／福島県	福島全県・１地方／写真図表有
コメ	朝日	2019-04-05	2019	日本酒ＰＲ動画に中傷コメント　「放射性物質が含まれている」など十数件　／福島県	福島全県・１地方／写真図表有／ノイズ（コメント）だが内容は風評関連
コメ	朝日	2019-02-05	2019	コメ全量全袋検査、消費者４６％「必要」　消費者団体「抽出への懸念も」　／福島県	福島中会・１地方
コメ	朝日	2018-10-16	2018	丹精コメた厳選米、５キロ３５００円で販売　会津農書を継承、２６日から　／福島県	福島中会・１地方／写真図表有／ノイズ（込めた）
コメ	朝日	2018-06-27	2018	商業施設開業、楢葉に活気再び　「ここなら笑店街」コメリなど１０店舗　／福島県	福島中会・１地方／写真図表有／ノイズ（コメリ）
コメ	朝日	2018-05-10	2018	福島、広田組が移籍にコメント　バドミントン	スポーツ１／ノイズ（コメント・バドミントン）
コメ	朝日	2018-03-29	2018	福島産コメ・牛肉、価格戻らず　２０品目、震災前と比較　農水省	５総合（全国面）
コメ	朝日	2018-03-03	2018	コメ抽出検査化、福島県正式発表　早ければ２０２０年産から	５総合（全国面）
コメ	朝日	2018-02-14	2018	特産食材で焼酎造り　福島はコメ、青森では長芋…　地元農家の振興も期待／東北・共通	宮城全県・２地方／写真図表有
コメ	朝日	2018-01-27	2018	ＪＡ「検査法決定が先」　コメ全袋検査、県素案に異論　／福島県	福島中会・１地方
コメ	朝日	2018-01-19	2018	コメの検査「抽出」に　全量全袋から移行　県素案　／福島県	福島中会・１地方
コメ	朝日	2017-12-02	2017	ＥＵ、輸入規制緩和　福島産コメ・周辺の水産物　９カ国・地域は停止継続	５総合（全国面）
コメ	朝日	2017-10-06	2017	福島と沖縄のリアル、コメディーで　右京で１４日、ミュージカル公演　／京都府	京都市内・１地方／写真図表有／ノイズ（コメディー）
コメ	朝日	2017-09-27	2017	ＥＵ、年内にも解除　福島産コメの輸入規制	５総合（全国面）
コメ	朝日	2017-07-28	2017	全量全袋検査、見直し議論　コメ、１８年産以降について　県検討会　／福島県	福島中会・１地方
コメ	朝日	2017-02-07	2017	コメの全量全袋検査、「今後も必要」７割超　県内消費者への調査結果　／福島県	福島中会・１地方
コメ	朝日	2017-01-31	2017	食品の放射性物質検査、コメなどで新指針案　国、取りやめに向け基準　／福島県	福島中会・１地方
コメ	朝日	2016-10-06	2016	楢葉町産のコメ出荷へ　放射性物質、すべて基準下回る　／福島県	福島中会・１地方／写真図表有
コメ	朝日	2016-05-16	2016	コメ実証栽培へ、手作業で田植え 浪江の住民と学生ら ／福島県	福島中会・１地方／写真図表有
コメ	朝日	2015-10-22	2015	コメ全量検査、継続に「意味」 森山農水相が視察 ／福島県	福島中会・１地方
コメ	朝日	2015-10-16	2015	ふるさと納税、うれしい悲鳴 湯川村、特典のコメ評判 ３億７０００万円に ／福島県	福島中会・１地方／写真図表有
コメ	朝日	2015-10-14	2015	福大生、復興へ現場主義 コメ出品へ稲刈り・仮設で聞き取り ／福島県	福島中会・１地方／写真図表有
コメ	朝日	2015-10-07	2015	「農業復興、足かせ必至」 意欲低下、コメ農家ら危機感 ＴＰＰ合意 ／福島県	福島中会・１地方／写真図表有
コメ	朝日	2015-09-19	2015	規制委「無関係」、東大教授が批判 がれき処理とコメ汚染 ／福島県	福島全県・２地方
コメ	朝日	2015-09-09	2015	コメ検査経費、町職員が着服か 古殿、計１７５万円 ／福島県	福島中会・１地方
コメ	朝日	2015-06-28	2015	コメ全量全袋検査に話題集中 有機農業学会、福島でフォーラム ／福島県	福島中会・１地方
コメ	朝日	2015-03-28	2015	コメ検査８６６袋分、４ＪＡ不正認証 農政局が改善命令 ／福島県	福島中会・１地方
コメ	朝日	2015-03-27	2015	栃木・福島の入札価格、全農県本部が漏らす コメ施設談合	３社会（全国面）
コメ	朝日	2015-02-28	2015	コメ出荷、今秋可能に 葛尾村 ／福島県	福島全県・２地方
コメ	朝日	2014-12-26	2014	来年度以降のコメ作り説明 食用米以外も生産拡大 ／福島県	福島中会・１地方
コメ	朝日	2014-12-03	2014	「復興に追い風」知事らコメント 常磐道開通の首相発言 ／福島県	福島中会・１地方／ノイズ（コメント）
コメ	朝日	2014-12-02	2014	コメの放射性物質汚染 土壌や用水由来、農水省は否定的 ／福島県	福島中会・１地方
コメ	朝日	2014-11-27	2014	コメ汚染「がれき撤去原因」、規制委が否定的な見解 福島第一	５総合（全国面）
コメ	朝日	2014-11-23	2014	がれき処理影響、市長が再度見解 南相馬のコメ汚染 ／福島県	福島中会・１地方
コメ	朝日	2014-10-10	2014	いわき産のコメ、給食使用に反対 母親ら市教委に署名 ／福島県	福島中会・１地方
コメ	朝日	2014-09-29	2014	４年ぶり、コメ収穫の喜び 川内村 ／福島県	福島中会・１地方／写真図表有
コメ	朝日	2014-09-27	2014	いわきのコメ、給食に 市教委、「安全確保」１２月から ／福島県	福島中会・１地方
コメ	朝日	2014-08-19	2014	福島産のコメ、輸出を再開へ 震災後初、シンガポールで販売	３社会（全国面）
コメ	朝日	2014-07-14	2014	福島第一がれき撤去、２０キロ先汚染 昨夏、コメにセシウム	１総合（全国面・１面）／写真図表有
コメ	朝日	2014-05-16	2014	集団的自衛権「十分議論を」 知事がコメント ／福島県	福島中会・１地方／ノイズ（コメント）
コメ	朝日	2014-03-08	2014	（東日本大震災３年 ふくしま）コメ作り、制限緩和 帰還困難区域以外可能に／福島県	福島中会・１地方／写真図表有／連載
コメ	朝日	2013-12-11	2013	川内村のコメ、全て基準値以下 全袋検査終了 ／福島県	福島中会・１地方
コメ	朝日	2013-11-12	2013	旧福島市のコメ、基準超のセシウム ／福島県	福島中会・１地方
コメ	朝日	2013-10-09	2013	コメ２袋で基準超えセシウム 南相馬・旧太田村 ／福島県	福島中会・１地方
コメ	朝日	2013-10-03	2013	３年ぶり出荷待つ 川内でコメ全袋検査始まる ／福島県	福島中会・１地方／写真図表有
コメ	朝日	2013-10-02	2013	吉野家、県内で野菜とコメ 白河に農業生産法人設立 ／福島県	福島全県・２地方
コメ	朝日	2013-09-27	2013	コメ全袋検査に卸業者招く 郡山、ＪＡが安全安心ＰＲ ／福島県	福島中会・１地方／写真図表有
コメ	朝日	2013-09-18	2013	前向きに生きる姿「福島引き戻す力に」 放射能と闘うコメ農家の記録映画 ／福島県	福島全県・２地方／写真図表有
コメ	朝日	2013-06-21	2013	ＴＰＰ農林水産業打撃、県試算年１０４１億円 コメ半減、牛肉４８％減… ／福島県	福島中会・１地方
コメ	朝日	2013-06-11	2013	困難区域でコメ試験栽培 飯舘・長泥の除染農地 ／福島県	福島中会・１地方／写真図表有
コメ	朝日	2013-05-31	2013	コメ試験田拡充、実証栽培は１２０ヘクタール 南相馬 ／福島県	福島中会・１地方
コメ	朝日	2013-05-15	2013	放射能不検出９８％ 昨年度出荷、福島市産のコメ以外の農産物 ／福島県	福島中会・１地方
コメ	朝日	2013-03-20	2013	居住制限区域でもコメ作付け再開へ 飯舘村や川内村 ／福島県	福島中会・１地方
コメ	朝日	2013-02-09	2013	原発２０キロ圏外を実証栽培区域に 南相馬市、コメ作付け ／福島県	福島中会・１地方
コメ	朝日	2013-01-30	2013	福島のコメ作付け、新たに２０００ヘクタール可能に 避難区域の再編受け	２社会（全国面）／写真図表有
コメ	朝日	2013-01-10	2013	コメ全袋検査ほぼ終了 ９９．９９％、基準下回る 県、「検査体制整う」 ／福島県	福島中会・１地方
コメ	朝日	2013-01-08	2013	福島市産コメ、再び給食に 市内小中学校、「５段階検査で安全性を確認」 ／福島県	福島中会・１地方
コメ	朝日	2012-12-22	2012	コメ作付け、来年も中止 福島・南相馬	３社会（全国面）
コメ	朝日	2012-12-13	2012	福島などのコメ１８袋、放射線量基準値超え ／福島県	福島中会・１地方
コメ	朝日	2012-12-12	2012	試験田のコメ、放射性セシウム基準以下 楢葉町長が公表 ／福島県	福島中会・１地方
コメ	朝日	2012-11-27	2012	旧下川崎のコメ、基準値超え２袋 県発表 ／福島県	福島全県・２地方
コメ	朝日	2012-11-23	2012	コメ全袋検査で基準超セシウム 川俣町などで収穫 ／福島県	福島中会・１地方
コメ	朝日	2012-11-15	2012	三春のコメ、３６０ベクレルを検出 今年の最大値 ／福島県	福島中会・１地方
コメ	朝日	2012-11-11	2012	（現場から ふくしまを歩く）福島のコメどう売られどう評価 流通追い各地へ／福島県	福島中会・１地方／写真図表有／連載
コメ	朝日	2012-11-08	2012	コメ９袋から基準超セシウム 旧福島市と旧松川町 ／福島県	福島中会・１地方
コメ	朝日	2012-11-07	2012	コメ１７袋から基準超セシウム 福島市・旧水原村 ／福島県	福島中会・１地方
コメ	朝日	2012-11-02	2012	コメ６袋から１１０ベクレル 福島市南部の旧平田村産 ／福島県	福島中会・１地方
コメ	朝日	2012-10-30	2012	（農家と放射能 闘いの一年：１１）結果分からぬコメ検査 ／福島県	福島中会・１地方／写真図表有／連載
コメ	朝日	2012-10-30	2012	福島・須賀川のコメ、出荷停止を解除	３社会（全国面）
コメ	朝日	2012-10-26	2012	基準超え地域のコメを出荷停止 政府、福島知事に指示	３社会（全国面）
コメ	朝日	2012-10-25	2012	福島のコメから基準超セシウム	３社会（全国面）
コメ	朝日	2012-10-06	2012	基準超コメ検出、袋の異物原因か 県の全袋検査 ／福島県	福島中会・１地方
コメ	朝日	2012-10-03	2012	コメの作柄概況、「やや良」に修正 会津と浜通り ／福島県	福島全県・２地方
コメ	朝日	2012-09-23	2012	（声）懐かしい福島のコメ、楽しみ	オピニオン２（投書欄）
コメ	朝日	2012-09-21	2012	田んぼアート見ごろ 三春町、コメ７種類使い ／福島県	福島全県・２地方／写真図表有
コメ	朝日	2012-09-03	2012	（防災 復興）「福島産」の名にかけて 信頼のため、コメ全袋検査	４社会（全国面）／写真図表有／連載
コメ	朝日	2012-08-28	2012	川の向こうはコメ作付けを制限 福島	５総合（全国面）／写真図表有
コメ	朝日	2012-08-26	2012	コメ全袋検査スタート「安心・安全届けたい」 セシウム検出下限未満に ／福島県	福島中会・１地方／写真図表有
コメ	朝日	2012-08-09	2012	一時的に６０億円、県が立て替えへ コメ全袋検査費 ／福島県	福島全県・２地方
コメ	朝日	2012-07-27	2012	管理計画認めてコメ出荷を解除 １０市町村農家対象 ／福島県	福島全県・１地方
コメ	朝日	2012-07-20	2012	コメ作り再開、アヒルに託す 広野の新妻さん、２年ぶり無農薬米作付け ／福島県	福島全県・２地方／写真図表有
コメ	朝日	2012-05-29	2012	コメ全袋検査へ機器選定説明会 郡山で農家など集め ／福島県	福島中会・１地方
コメ	朝日	2012-05-28	2012	コメ作り見合わせた相馬・玉野の全農地、放射線量測定へ 東農大チーム ／福島県	福島中会・１地方
コメ	朝日	2012-05-22	2012	福島産のコメを長野産に偽装 卸業者に改善指導	夕刊２社会（全国面）
コメ	朝日	2012-05-21	2012	故郷思いコメ作り 双葉から避難の農家、埼玉で ／福島県	福島中会・１地方／写真図表有
コメ	朝日	2012-05-08	2012	農林水産物対策、コメ検査支援も 県やＪＡが協議会 ／福島県	福島全県・２地方／写真図表有
コメ	朝日	2012-04-21	2012	福島のコメ農家、３５億円賠償請求 原発ＡＤＲに３人が申し立て	５総合（全国面）
コメ	朝日	2012-04-06	2012	コメ作付け制限、福島知事に指示 野田政権	３社会（全国面）
コメ	朝日	2012-03-29	2012	コメ作付け自粛、代わりに試験田 南相馬市、正式決定 ／福島県	福島中会・１地方
コメ	朝日	2012-03-29	2012	コメ作付け自粛を正式決定 代わりに試験田 南相馬市 ／福島県	福島浜通り・１地方／中会版と同一記事
コメ	朝日	2012-03-10	2012	福島コメ、条件作付け４０００ヘクタール 農水省が区割り公表	５総合（全国面）／写真図表有
コメ	朝日	2012-03-09	2012	福島の６市町、コメ作付けへ １００～５００ベクレル地域	５総合（全国面）
コメ	朝日	2012-03-06	2012	コメ全袋検査装置を公開 メーカーが試作器 ／福島県	福島中会・１地方／写真図表有
コメ	朝日	2012-03-06	2012	野菜・コメなど、放射性物質の測定サービス 郡山３５カ所で開始 ／福島県	福島中会・１地方／写真図表有
コメ	朝日	2012-03-01	2012	事務膨大、不安の声も 福島でコメ作付け説明会 ／福島県	福島中会・１地方
コメ	朝日	2012-02-29	2012	コメ作付け地域拡大、評価とあきらめと 農家と自治体、販売は見通せず ／福島県	福島中会・１地方
コメ	朝日	2012-02-24	2012	「県は主体性発揮を」 コメ作付け制限めぐり、市町村から不満の声 ／福島県	福島中会・１地方
コメ	朝日	2012-02-11	2012	南相馬、今年もコメ断念 除染徹底、試験栽培は実施 ／福島県	福島中会・１地方
コメ	朝日	2012-02-08	2012	福島県がコメ調査結果を訂正	３社会（全国面）
コメ	朝日	2012-01-20	2012	「規制値超も作付け認めて」 食用以外前提に コメ巡り福島市、農水省に要望／福島県	福島中会・１地方
コメ	朝日	2012-01-19	2012	コメ緊急調査、県が誤った結果通知 郡山２８４農家、重大８戸に謝罪 ／福島県	福島中会・１地方
コメ	朝日	2012-01-05	2012	福島・伊達市の一部でコメ出荷停止	１社会（全国面）
コメ	朝日	2011-12-31	2011	福島のコメ、伊達の別地区もセシウム基準超	２社会（全国面）
コメ	朝日	2011-12-29	2011	福島のコメ農家１４戸、基準値超え セシウム検出問題	３社会（全国面）
コメ	朝日	2011-12-27	2011	コメ作付け禁止分、県内を優先に調整 市町村別目標決まる ／福島県	福島中会・１地方
コメ	朝日	2011-12-26	2011	土のカリウム濃度が関係 コメのセシウム値 福島県・農水省調査	２社会（全国面）
コメ	朝日	2011-12-23	2011	渡利地区のコメ、放射性セシウム１５４０ベクレル検出 ／福島県	福島中会・１地方
コメ	朝日	2011-12-19	2011	放射性セシウム基準値超え５．６％ 大波地区コメ全袋検査 ／福島県	福島中会・１地方
コメ	朝日	2011-12-18	2011	コメまた基準超セシウム 福島・渡利 ／福島県	福島中会・１地方
コメ	朝日	2011-12-18	2011	出回らぬコメ、悲嘆の福島 消費者も外食業者も敬遠	２社会（全国面）／写真図表有
コメ	朝日	2011-12-17	2011	首長・住民ら懐疑的 「コメと同じでは」 原発事故収束宣言 ／福島県	福島中会・１地方
コメ	朝日	2011-12-10	2011	福島のコメ、粗い検査 安全宣言後、相次ぐ基準値超え サンプル数少なく「漏れ」	２社会（全国面）／写真図表有
コメ	朝日	2011-12-10	2011	福島・伊達の２地区、コメ出荷停止 相馬と南相馬はキウイ	２社会（全国面）
コメ	朝日	2011-12-09	2011	福島・伊達のコメ、新たに２地区でセシウム基準超	２社会（全国面）
コメ	朝日	2011-12-08	2011	コメの生産目標「県内一律配分に」 県検討会議、意向調査後に調整も ／福島県	福島浜通り・１地方
コメ	朝日	2011-12-08	2011	コメ生産目標「一律配分に」 意向調査後に調整も 県検討会議 ／福島県	福島中会・１地方／浜通り版と同一記事
コメ	朝日	2011-12-08	2011	福島・二本松のコメ、１戸で基準値超え セシウム検出	２社会（全国面）
コメ	朝日	2011-12-07	2011	大波地区のコメ、全量購入「困難」 福島市に東電幹部 ／福島県	福島全県・２地方
コメ	朝日	2011-10-18	2011	セシウム基準超「まれなケース」 福島・二本松のコメ、県中間報告	２社会（全国面）
コメ	朝日	2011-10-13	2011	福島県知事が「コメ安全宣言」 県産米の検査終える	１総合（全国面・１面）／写真図表有
コメ	朝日	2011-10-13	2011	消費者の信用は？農家の心晴れず コメ出荷ＯＫ ／福島県	福島全県・１地方
コメ	朝日	2011-10-12	2011	福島のコメ出荷可能 全地点で放射性物質、基準値以下	夕刊１社会（全国面）
コメ	朝日	2011-10-07	2011	二本松のコメ、サンプル５点はセシウム検出せず ／福島県	福島全県・１地方
コメ	朝日	2011-09-30	2011	田んぼ１年放っておけぬ 作付け禁止でもコメあえて収穫 川内の避難準備区域／福島県	福島全県・１地方／写真図表有
コメ	朝日	2011-09-23	2011	６市町村のコメ、新たに出荷可能 ／福島県	福島全県・１地方
コメ	朝日	2011-09-22	2011	「地元のコメは」蔵元揺れる秋 放射線測定、安全ＰＲも ／福島県	福島全県・１地方／写真図表有
コメ	朝日	2011-09-15	2011	福島の蔵元、揺れる秋 地元のコメ使いたいけど…	夕刊１社会（全国面）／写真図表有
コメ	朝日	2011-09-10	2011	コメ価格、堅調 ＪＡ福島・宮城	２社会（全国面）
コメ	朝日	2011-08-05	2011	コメ放射性物質調査へ ４８市町村４０２地点で 県、より細かく ／福島県	福島全県・１地方
コメ	朝日	2011-05-24	2011	「お布団」がコメ育てます いわきの有機農法グループ、一風変わった田植え ／福島県	福島全県・１地方／写真図表有
コメ	朝日	2011-04-27	2011	被災地分コメ生産、１０市町引き受けへ 宮城・福島の６１７０トン ／秋田県	秋田全県・１地方
コメ	朝日	2011-04-22	2011	コメ作付け禁止 福島第一原発「警戒・計画・緊急」の避難域 菅政権	４総合（全国面）
コメ	朝日	2011-04-22	2011	豊かな地、奪われた コメ作付け禁止、１万ヘクタール・７千戸 福島第一原発事故	夕刊１社会（全国面）／写真図表有
コメ	朝日	2011-04-15	2011	コメ生産量、福島も調整へ 農地被害影響で	５総合（全国面）
コメ	朝日	2011-04-12	2011	避難準備区域もコメ作付け困難 農水相が表明 福島第一原発事故での放射能汚染	夕刊２社会（全国面）
コメ	朝日	2011-04-09	2011	コメ作付け禁止へ基準 放射能汚染、近く地域設定 福島原発３０キロ圏内も禁止	１総合（全国面・１面）
コメ	朝日	2011-04-08	2011	汚染地域のコメ作付け、鹿野農水相が禁止方針表明 福島第一原発事故	夕刊２総合（全国面）
コメ	朝日	2011-04-08	2011	コメ作付けに禁止区域 農水省、汚染推計もとに指定へ 福島原発事故の影響	３総合（全国面）